ticks,turtles,healthy turtles,exposed turtles,infected turtles,immune turtles,masked 1 turtles,masked 2 turtles
0,1500,1490,10,0,0,54,300
1,1500,1490,10,0,0,54,300
2,1500,1490,10,0,0,54,300
3,1500,1477,13,10,0,54,300
4,1500,1469,21,10,0,54,300
5,1500,1460,30,10,0,54,300
6,1500,1445,40,15,0,54,300
7,1500,1419,55,26,0,54,300
8,1500,1401,65,34,0,54,300
9,1500,1369,87,44,0,54,300
10,1500,1337,101,62,0,54,300
11,1500,1285,131,84,0,54,300
12,1500,1215,177,108,0,54,300
13,1500,1148,205,147,0,54,300
14,1500,1069,245,186,0,54,300
15,1500,1006,249,245,0,54,300
16,1500,928,260,312,0,54,300
17,1500,848,262,383,7,54,300
18,1500,753,297,443,7,54,300
19,1500,672,297,524,7,54,300
20,1499,595,302,591,11,54,300
21,1500,535,281,666,18,54,302
22,1498,466,256,755,21,54,303
23,1499,404,242,823,30,54,303
24,1492,345,235,874,38,54,303
25,1487,289,233,915,50,54,301
26,1483,254,193,970,66,54,302
27,1462,216,182,981,83,53,301
28,1447,178,159,1007,103,52,299
29,1418,151,130,1006,131,50,298
30,1394,130,123,974,167,49,298
31,1363,113,106,930,214,50,293
32,1343,92,94,910,247,49,294
33,1303,78,81,859,285,48,289
34,1271,72,72,809,318,48,279
35,1236,58,68,748,362,45,276
36,1196,57,56,671,412,44,271
37,1159,53,49,610,447,41,266
38,1128,57,34,559,478,42,261
39,1104,60,23,512,509,39,258
40,1073,61,22,441,549,39,251
41,1056,67,20,399,570,38,249
42,1025,63,21,339,602,38,239
43,1002,66,23,284,629,38,231
44,997,72,16,258,651,39,231
45,985,72,18,225,670,39,228
46,973,75,14,191,693,37,227
47,969,81,13,165,710,38,223
48,969,84,16,146,723,38,224
49,967,90,14,126,737,40,223
50,961,93,15,108,745,40,217
51,970,103,13,96,758,41,218
52,972,111,8,85,768,43,217
53,971,117,7,70,777,43,218
54,976,122,9,65,780,43,217
55,984,131,8,60,785,43,217
56,995,140,11,56,788,43,221
57,1003,147,12,54,790,43,221
58,1006,151,9,50,796,43,222
59,1013,159,9,47,798,43,225
60,1013,158,12,45,798,44,223
61,1022,162,13,45,802,45,224
62,1031,170,16,42,803,45,226
63,1046,182,16,42,806,47,229
64,1059,192,17,44,806,46,231
65,1071,205,15,44,807,46,233
66,1075,212,13,42,808,45,235
67,1084,216,15,45,808,45,239
68,1089,222,11,47,809,45,240
69,1096,227,12,46,811,45,242
70,1104,233,8,52,811,46,242
71,1113,239,11,52,811,46,243
72,1122,248,12,49,813,46,244
73,1130,248,18,50,814,46,245
74,1137,250,19,51,817,46,248
75,1148,256,24,51,817,45,249
76,1157,256,27,57,817,45,249
77,1171,266,25,59,821,45,252
78,1180,271,28,58,823,46,255
79,1187,276,18,67,826,46,254
80,1196,280,20,67,829,46,256
81,1203,288,16,70,829,47,257
82,1211,287,24,68,832,47,258
83,1221,289,29,69,834,48,260
84,1231,299,27,69,836,48,260
85,1239,297,32,74,836,49,263
86,1252,299,31,84,838,49,266
87,1264,301,34,89,840,50,269
88,1283,305,45,90,843,51,272
89,1298,307,49,96,846,52,275
90,1307,307,48,104,848,52,280
91,1317,312,47,109,849,51,284
92,1329,312,47,119,851,51,288
93,1333,308,50,117,858,51,289
94,1347,304,55,127,861,52,291
95,1348,298,54,134,862,51,290
96,1357,296,54,145,862,52,290
97,1364,284,60,156,864,53,291
98,1374,277,62,167,868,55,291
99,1379,265,71,172,871,56,291
100,1391,256,83,174,878,59,292
101,1395,250,73,191,881,59,292
102,1402,242,72,204,884,59,292
103,1406,235,64,219,888,60,295
104,1406,224,67,223,892,60,296
105,1416,224,65,227,900,63,297
106,1424,207,74,232,911,65,298
107,1436,214,66,240,916,65,301
108,1444,210,66,244,924,68,303
109,1443,202,68,245,928,67,305
110,1446,191,66,254,935,67,304
111,1449,187,63,257,942,67,305
112,1456,183,65,257,951,69,309
113,1456,165,70,265,956,69,310
114,1468,167,67,269,965,68,314
115,1474,177,60,259,978,67,316
116,1477,173,49,268,987,68,315
117,1485,169,51,261,1004,68,318
118,1487,168,53,255,1011,67,319
119,1491,162,63,247,1019,66,320
120,1496,158,62,247,1029,67,321
121,1499,155,62,246,1036,68,322
122,1499,153,61,238,1047,68,323
123,1499,145,54,245,1055,69,321
124,1500,145,49,238,1068,68,321
125,1499,143,41,238,1077,68,320
126,1497,137,45,231,1084,67,319
127,1495,131,45,226,1093,66,322
128,1500,132,42,219,1107,68,322
129,1497,124,47,214,1112,68,324
130,1496,129,38,201,1128,69,322
131,1498,135,32,196,1135,68,324
132,1499,129,33,196,1141,68,324
133,1499,124,33,197,1145,68,325
134,1495,126,34,187,1148,69,321
135,1497,133,29,178,1157,68,323
136,1500,130,30,176,1164,68,324
137,1500,139,27,165,1169,68,324
138,1500,135,33,154,1178,68,324
139,1500,139,33,142,1186,68,324
140,1500,144,24,145,1187,69,325
141,1500,156,19,138,1187,69,324
142,1500,153,24,135,1188,70,320
143,1500,155,27,132,1186,71,321
144,1499,166,31,121,1181,71,325
145,1499,184,27,114,1174,72,323
146,1500,198,28,112,1162,73,322
147,1500,208,31,110,1151,73,321
148,1499,226,27,110,1136,73,319
149,1500,246,31,109,1114,73,318
150,1500,269,42,107,1082,72,319
151,1499,306,44,105,1044,72,319
152,1500,321,58,106,1015,73,319
153,1500,340,63,117,980,72,321
154,1500,360,68,118,954,73,319
155,1499,383,77,125,914,73,319
156,1500,398,89,140,873,73,318
157,1500,407,98,153,842,73,318
158,1500,409,112,166,813,73,318
159,1500,407,117,193,783,73,319
160,1498,407,134,209,748,73,318
161,1500,378,154,236,732,73,319
162,1500,384,152,261,703,74,319
163,1499,359,166,294,680,74,319
164,1497,334,169,334,660,74,319
165,1499,306,176,372,645,74,321
166,1500,289,181,407,623,74,321
167,1498,267,173,445,613,74,322
168,1494,251,166,472,605,74,322
169,1498,220,165,511,602,75,323
170,1498,193,161,536,608,75,322
171,1499,178,159,557,605,76,322
172,1496,158,152,583,603,75,324
173,1487,145,132,600,610,75,324
174,1486,140,109,617,620,75,325
175,1480,138,92,618,632,74,328
176,1472,124,81,620,647,72,326
177,1455,118,70,604,663,72,325
178,1448,121,68,578,681,74,321
179,1431,117,60,552,702,74,316
180,1425,123,55,529,718,75,315
181,1411,122,54,492,743,75,314
182,1394,108,55,467,764,74,314
183,1382,110,54,425,793,74,313
184,1370,105,53,394,818,73,311
185,1368,101,62,368,837,72,311
186,1357,97,57,343,860,72,309
187,1344,93,61,303,887,73,307
188,1332,94,50,279,909,72,302
189,1321,94,37,266,924,71,299
190,1323,98,36,240,949,71,296
191,1316,97,30,226,963,69,291
192,1315,104,20,216,975,69,291
193,1315,107,22,203,983,69,288
194,1314,117,16,192,989,69,287
195,1310,113,20,180,997,68,284
196,1312,116,26,165,1005,69,286
197,1319,123,28,162,1006,68,286
198,1318,132,30,146,1010,69,286
199,1323,141,23,145,1014,69,286
200,1326,150,16,139,1021,69,286
201,1326,148,21,131,1026,69,287
202,1327,159,20,116,1032,68,285
203,1325,163,21,101,1040,68,283
204,1330,167,24,97,1042,68,286
205,1337,174,24,92,1047,68,288
206,1345,181,27,86,1051,68,289
207,1351,188,27,85,1051,68,292
208,1364,194,33,84,1053,69,295
209,1374,202,32,89,1051,70,297
210,1382,206,33,94,1049,69,298
211,1386,202,38,93,1053,68,298
212,1395,203,33,107,1052,69,300
213,1400,218,34,100,1048,70,302
214,1407,222,35,99,1051,68,304
215,1420,227,35,108,1050,70,306
216,1430,235,34,111,1050,70,305
217,1439,241,33,113,1052,70,305
218,1450,247,36,118,1049,70,309
219,1460,251,38,121,1050,70,314
220,1471,254,48,124,1045,70,315
221,1483,249,58,129,1047,71,317
222,1489,252,57,134,1046,71,317
223,1496,257,56,136,1047,71,317
224,1498,247,56,149,1046,71,317
225,1500,241,57,161,1041,71,319
226,1499,248,57,157,1037,71,319
227,1499,240,62,163,1034,72,320
228,1499,242,54,172,1031,72,321
229,1500,234,54,179,1033,72,324
230,1500,225,60,185,1030,73,325
231,1500,227,52,195,1026,72,325
232,1500,225,56,195,1024,72,325
233,1499,222,50,202,1025,72,326
234,1499,223,45,212,1019,72,329
235,1499,222,51,213,1013,72,330
236,1500,212,64,213,1011,72,331
237,1497,212,71,214,1000,72,331
238,1496,214,71,209,1002,72,333
239,1500,217,68,211,1004,72,335
240,1500,221,56,222,1001,72,333
241,1500,216,57,225,1002,72,333
242,1498,215,59,224,1000,72,332
243,1499,215,61,220,1003,72,332
244,1495,215,62,222,996,72,332
245,1492,207,73,218,994,72,335
246,1494,205,70,228,991,74,334
247,1499,206,74,229,990,75,336
248,1498,206,83,224,985,76,338
249,1499,204,68,239,988,76,340
250,1499,208,65,247,979,76,340
251,1499,202,63,255,979,76,341
252,1497,202,56,260,979,74,342
253,1492,198,59,253,982,74,342
254,1495,205,56,248,986,76,344
255,1500,209,58,250,983,75,346
256,1494,201,64,248,981,74,343
257,1495,200,72,247,976,74,341
258,1499,206,69,248,976,74,342
259,1498,199,69,254,976,74,343
260,1500,192,67,258,983,75,343
261,1498,190,72,255,981,75,341
262,1499,184,69,261,985,75,341
263,1500,189,66,254,991,74,342
264,1496,186,62,252,996,73,341
265,1491,184,52,255,1000,73,338
266,1499,194,49,249,1007,73,338
267,1499,184,56,251,1008,72,337
268,1496,180,63,246,1007,72,339
269,1499,186,62,242,1009,72,335
270,1496,176,68,239,1013,72,336
271,1499,179,60,248,1012,70,339
272,1499,171,62,251,1015,70,337
273,1499,166,65,243,1025,69,337
274,1500,166,67,233,1034,67,338
275,1497,161,60,240,1036,67,340
276,1497,160,59,238,1040,67,340
277,1497,160,62,231,1044,67,339
278,1499,157,57,233,1052,67,338
279,1493,155,54,222,1062,67,339
280,1498,163,45,229,1061,67,341
281,1499,165,43,225,1066,68,342
282,1499,155,46,226,1072,68,341
283,1499,158,47,223,1071,68,342
284,1498,150,48,224,1076,69,341
285,1500,147,56,212,1085,70,343
286,1498,152,47,209,1090,71,342
287,1500,158,45,207,1090,72,342
288,1500,158,39,210,1093,71,342
289,1500,159,43,202,1096,69,342
290,1500,169,47,192,1092,69,340
291,1496,176,44,190,1086,69,337
292,1494,180,47,182,1085,69,334
293,1495,185,49,187,1074,69,332
294,1498,199,55,175,1069,69,334
295,1500,207,62,172,1059,69,336
296,1499,212,65,175,1047,69,332
297,1500,221,54,189,1036,69,332
298,1500,228,61,189,1022,70,334
299,1499,241,63,193,1002,72,333
300,1499,238,71,193,997,72,333
301,1500,253,71,203,973,73,333
302,1498,263,77,200,958,73,332
303,1500,279,82,206,933,72,334
304,1499,280,86,223,910,72,333
305,1500,285,89,230,896,72,334
306,1500,273,105,243,879,71,335
307,1499,274,113,250,862,71,335
308,1500,278,114,263,845,71,336
309,1499,266,117,285,831,71,334
310,1495,261,109,311,814,71,333
311,1498,261,111,312,814,70,337
312,1500,255,111,327,807,71,337
313,1500,240,112,342,806,71,337
314,1498,217,114,361,806,70,337
315,1497,213,108,371,805,71,337
316,1500,209,101,384,806,72,338
317,1497,190,92,402,813,71,338
318,1499,193,84,403,819,72,335
319,1500,190,77,411,822,69,337
320,1493,185,72,413,823,67,336
321,1488,176,72,409,831,66,338
322,1492,165,89,402,836,68,339
323,1483,164,87,392,840,68,340
324,1473,158,85,371,859,67,336
325,1466,157,71,374,864,67,336
326,1462,155,63,373,871,67,336
327,1461,147,66,358,890,67,338
328,1449,140,67,339,903,67,337
329,1441,136,60,328,917,67,335
330,1438,132,51,322,933,67,335
331,1420,130,48,302,940,65,329
332,1416,130,49,289,948,65,328
333,1413,133,44,277,959,66,326
334,1408,133,47,262,966,66,326
335,1414,137,40,260,977,65,325
336,1417,137,47,251,982,67,324
337,1422,145,49,241,987,68,324
338,1425,148,46,235,996,67,327
339,1423,152,44,219,1008,66,327
340,1414,151,41,206,1016,64,325
341,1425,156,49,200,1020,64,325
342,1433,161,47,199,1026,64,324
343,1439,174,44,187,1034,64,325
344,1444,182,40,180,1042,65,326
345,1443,179,37,179,1048,65,325
346,1446,185,39,177,1045,65,326
347,1448,190,40,168,1050,66,326
348,1459,197,41,170,1051,68,325
349,1466,206,44,163,1053,67,323
350,1476,207,52,166,1051,67,325
351,1486,212,54,168,1052,69,327
352,1492,212,61,165,1054,68,328
353,1496,209,59,170,1058,68,329
354,1499,205,59,169,1066,68,331
355,1499,199,60,179,1061,67,332
356,1500,200,56,179,1065,67,332
357,1497,200,49,187,1061,66,331
358,1500,204,45,193,1058,66,332
359,1498,210,43,189,1056,66,330
360,1500,211,47,189,1053,66,330
361,1500,206,48,195,1051,66,330
362,1500,202,51,196,1051,66,331
363,1497,211,46,196,1044,67,328
364,1498,209,49,200,1040,67,327
365,1500,202,57,203,1038,66,329
366,1499,201,56,203,1039,65,329
367,1500,197,68,196,1039,65,330
368,1500,199,61,202,1038,65,330
369,1499,202,56,204,1037,65,330
370,1498,197,65,199,1037,65,332
371,1498,195,62,206,1035,65,332
372,1500,199,64,198,1039,65,336
373,1499,202,61,201,1035,66,335
374,1500,205,56,209,1030,66,337
375,1498,195,55,221,1027,65,338
376,1496,196,57,217,1026,65,339
377,1498,195,60,219,1024,65,339
378,1499,197,58,223,1021,64,340
379,1500,193,61,222,1024,64,340
380,1498,191,61,228,1018,64,342
381,1499,188,63,230,1018,64,343
382,1500,190,64,229,1017,61,345
383,1500,204,56,227,1013,62,344
384,1500,204,51,235,1010,62,342
385,1499,200,58,226,1015,62,343
386,1500,207,51,233,1009,62,343
387,1500,195,61,231,1013,62,343
388,1496,188,69,223,1016,61,344
389,1496,192,67,216,1021,61,345
390,1500,194,65,225,1016,61,343
391,1500,190,61,232,1017,60,344
392,1498,187,63,230,1018,61,343
393,1499,190,64,230,1015,62,341
394,1499,193,67,231,1008,63,340
395,1499,185,67,239,1008,63,343
396,1498,183,73,235,1007,64,342
397,1500,189,69,230,1012,64,342
398,1496,186,61,240,1009,64,341
399,1500,179,69,243,1009,64,342
400,1497,177,64,242,1014,64,342
401,1497,179,69,237,1012,64,341
402,1500,182,59,252,1007,64,341
403,1496,170,56,259,1011,64,338
404,1499,169,60,253,1017,66,340
405,1496,179,67,242,1008,67,339
406,1498,173,66,249,1010,67,338
407,1496,179,60,250,1007,66,337
408,1498,180,63,248,1007,66,339
409,1499,193,56,246,1004,66,340
410,1500,196,56,247,1001,69,338
411,1498,188,54,252,1004,69,338
412,1492,188,54,239,1011,69,337
413,1494,185,59,235,1015,69,337
414,1496,188,63,231,1014,69,338
415,1500,189,60,239,1012,69,339
416,1500,192,53,231,1024,69,340
417,1499,192,51,227,1029,69,339
418,1499,192,54,228,1025,70,337
419,1499,188,56,230,1025,70,337
420,1496,190,63,220,1023,71,337
421,1500,189,63,219,1029,73,335
422,1500,181,66,221,1032,73,333
423,1500,182,64,220,1034,73,334
424,1499,181,56,221,1041,74,336
425,1499,190,47,221,1041,74,337
426,1499,195,39,225,1040,75,337
427,1494,191,44,225,1034,75,334
428,1497,194,48,220,1035,75,333
429,1500,195,49,213,1043,75,335
430,1500,195,51,209,1045,75,335
431,1497,196,52,208,1041,74,334
432,1500,202,53,204,1041,73,335
433,1498,197,59,203,1039,72,337
434,1500,191,61,211,1037,72,336
435,1499,187,65,210,1037,70,336
436,1500,192,62,202,1044,71,337
437,1497,190,62,204,1041,70,336
438,1495,193,59,207,1036,70,335
439,1498,204,55,205,1034,70,338
440,1500,208,58,200,1034,70,338
441,1500,221,50,204,1025,71,337
442,1500,223,53,209,1015,71,338
443,1500,226,50,217,1007,71,338
444,1500,232,60,217,991,70,340
445,1493,224,66,214,989,69,337
446,1499,224,78,218,979,70,338
447,1499,227,88,222,962,70,337
448,1500,236,89,219,956,70,337
449,1500,228,84,236,952,70,337
450,1496,222,86,248,940,70,338
451,1499,229,77,255,938,70,336
452,1500,231,78,254,937,70,338
453,1498,226,81,261,930,70,337
454,1500,220,83,272,925,69,336
455,1500,212,95,272,921,69,336
456,1499,201,93,281,924,70,336
457,1500,190,92,289,929,70,338
458,1500,197,74,304,925,69,337
459,1499,196,72,314,917,70,339
460,1500,191,76,320,913,68,342
461,1499,185,79,326,909,68,341
462,1500,179,87,325,909,69,341
463,1495,179,84,319,913,67,337
464,1497,184,78,319,916,68,337
465,1491,178,80,312,921,68,337
466,1489,175,65,320,929,69,334
467,1496,174,71,317,934,69,338
468,1490,173,67,313,937,68,338
469,1500,178,71,312,939,69,339
470,1497,178,65,305,949,69,336
471,1497,171,62,304,960,68,335
472,1499,172,68,293,966,67,335
473,1500,174,72,283,971,67,337
474,1498,174,79,277,968,67,336
475,1497,168,76,277,976,68,334
476,1499,175,67,285,972,68,337
477,1489,165,64,281,979,68,335
478,1496,173,63,274,986,70,335
479,1499,176,66,272,985,71,336
480,1496,171,67,264,994,70,338
481,1495,172,71,259,993,70,342
482,1494,179,67,255,993,70,342
483,1493,173,67,259,994,70,341
484,1494,167,62,264,1001,71,341
485,1497,169,66,253,1009,72,342
486,1500,176,62,253,1009,73,345
487,1500,178,56,259,1007,73,345
488,1500,180,50,264,1006,73,345
489,1499,174,60,254,1011,73,345
490,1499,174,57,249,1019,72,344
491,1498,175,61,238,1024,72,340
492,1500,178,61,242,1019,71,339
493,1496,175,49,248,1024,71,338
494,1497,171,62,235,1029,72,336
495,1497,163,66,237,1031,72,338
496,1497,159,66,237,1035,71,338
497,1497,163,64,232,1038,69,336
498,1495,165,56,230,1044,71,336
499,1499,177,40,240,1042,72,340
500,1499,171,47,236,1045,72,340
501,1489,166,51,227,1045,74,340
502,1497,176,53,217,1051,76,340
503,1500,180,55,219,1046,76,339
504,1497,180,49,219,1049,76,340
505,1498,185,55,221,1037,77,340
506,1495,187,52,217,1039,77,338
507,1500,198,56,206,1040,77,338
508,1500,198,51,213,1038,77,338
509,1500,203,50,213,1034,77,335
510,1497,194,56,208,1039,78,335
511,1491,193,56,210,1032,77,332
512,1500,193,70,200,1037,77,334
513,1499,198,66,196,1039,77,332
514,1500,203,58,200,1039,77,330
515,1499,198,58,205,1038,76,332
516,1500,196,53,218,1033,76,333
517,1499,192,64,217,1026,76,331
518,1499,191,72,207,1029,77,331
519,1500,194,69,214,1023,77,331
520,1497,191,71,216,1019,77,330
521,1500,198,57,228,1017,77,331
522,1498,187,62,229,1020,77,332
523,1500,187,55,233,1025,77,332
524,1499,186,62,235,1016,76,332
525,1500,192,52,237,1019,76,334
526,1496,187,54,241,1014,74,332
527,1490,187,52,237,1014,72,335
528,1494,197,46,237,1014,72,334
529,1500,206,50,229,1015,73,334
530,1500,212,47,223,1018,73,333
531,1500,210,48,225,1017,74,333
532,1500,215,50,228,1007,74,332
533,1498,219,50,221,1008,73,334
534,1498,225,51,215,1007,71,335
535,1495,228,50,205,1012,71,336
536,1497,232,57,207,1001,71,337
537,1498,237,62,198,1001,71,338
538,1499,236,66,196,1001,72,337
539,1492,224,68,195,1005,71,336
540,1498,226,68,202,1002,72,337
541,1497,233,64,203,997,72,335
542,1497,233,65,204,995,72,335
543,1499,228,66,213,992,73,333
544,1500,230,61,216,993,73,332
545,1499,215,74,214,996,73,334
546,1500,211,68,226,995,73,335
547,1499,202,72,227,998,73,333
548,1500,199,66,237,998,73,333
549,1498,189,69,245,995,73,332
550,1499,189,75,242,993,72,332
551,1500,192,71,249,988,72,332
552,1500,187,64,260,989,72,331
553,1500,181,64,262,993,72,332
554,1499,171,69,262,997,72,333
555,1500,172,69,261,998,72,333
556,1499,180,68,257,994,73,334
557,1500,185,59,259,997,73,336
558,1499,187,47,263,1002,74,333
559,1500,187,51,263,999,73,333
560,1500,188,60,252,1000,72,334
561,1500,178,69,252,1001,74,336
562,1498,171,72,246,1009,74,336
563,1500,181,62,244,1013,75,335
564,1500,174,66,246,1014,74,334
565,1496,171,53,256,1016,74,334
566,1497,168,60,242,1027,74,333
567,1498,176,55,235,1032,73,334
568,1492,172,56,237,1027,71,328
569,1500,185,55,236,1024,71,328
570,1499,170,62,238,1029,71,328
571,1498,174,63,229,1032,71,328
572,1492,182,55,223,1032,71,326
573,1495,181,53,229,1032,71,327
574,1500,176,53,235,1036,72,328
575,1500,170,61,232,1037,72,328
576,1500,168,64,229,1039,72,329
577,1499,173,61,230,1035,72,331
578,1500,180,56,228,1036,72,334
579,1500,175,56,223,1046,72,332
580,1500,171,57,225,1047,72,331
581,1500,165,61,227,1047,71,332
582,1499,161,69,218,1051,71,335
583,1499,165,67,224,1043,72,334
584,1500,167,70,221,1042,72,336
585,1499,162,69,232,1036,72,335
586,1499,169,63,235,1032,72,335
587,1498,171,65,232,1030,71,334
588,1499,173,64,231,1031,71,338
589,1499,170,60,244,1025,72,338
590,1497,169,61,246,1021,73,337
591,1498,176,65,241,1016,73,336
592,1499,183,65,243,1008,73,336
593,1500,190,70,237,1003,73,334
594,1499,184,68,246,1001,74,333
595,1500,182,71,249,998,74,334
596,1496,175,72,256,993,72,334
597,1499,183,70,255,991,73,335
598,1498,182,69,262,985,73,335
599,1496,176,74,258,988,73,332
600,1490,170,81,259,980,70,333
601,1495,173,83,259,980,71,333
602,1500,164,92,263,981,72,338
603,1500,156,88,264,992,71,337
604,1497,155,79,273,990,71,337
605,1497,156,77,281,983,72,335
606,1500,150,75,290,985,73,334
607,1497,150,66,292,989,73,335
608,1500,149,66,291,994,74,336
609,1500,153,63,294,990,74,336
610,1495,160,61,293,981,74,334
611,1495,163,69,284,979,75,334
612,1498,163,66,284,985,73,335
613,1496,167,62,283,984,73,334
614,1491,169,57,281,984,73,336
615,1494,171,54,282,987,73,335
616,1499,182,46,279,992,73,337
617,1497,180,50,268,999,73,337
618,1495,181,52,259,1003,73,338
619,1497,187,56,248,1006,75,339
620,1497,184,67,233,1013,74,337
621,1494,178,70,229,1017,74,337
622,1497,189,61,232,1015,75,338
623,1497,193,61,225,1018,75,339
624,1499,202,53,227,1017,76,340
625,1500,196,51,232,1021,76,340
626,1500,190,62,225,1023,77,339
627,1500,196,59,223,1022,77,339
628,1497,191,64,214,1028,78,339
629,1500,191,60,221,1028,78,339
630,1498,188,57,222,1031,77,340
631,1500,180,65,219,1036,77,341
632,1499,191,61,221,1026,77,341
633,1497,190,64,224,1019,77,340
634,1500,185,64,236,1015,77,340
635,1500,176,65,237,1022,77,340
636,1500,178,65,229,1028,77,342
637,1499,174,59,237,1029,78,344
638,1496,175,61,232,1028,77,341
639,1498,171,60,236,1031,75,343
640,1500,173,61,236,1030,76,341
641,1500,175,54,239,1032,76,341
642,1500,168,55,245,1032,76,343
643,1498,177,54,239,1028,76,339
644,1498,167,60,234,1037,77,338
645,1500,168,61,239,1032,80,336
646,1497,162,65,235,1035,80,338
647,1500,162,63,238,1037,80,340
648,1496,166,58,235,1037,78,336
649,1498,165,63,235,1035,78,336
650,1498,171,64,233,1030,77,335
651,1498,169,59,234,1036,76,334
652,1500,167,58,233,1042,75,334
653,1496,163,63,230,1040,74,334
654,1499,158,65,234,1042,74,333
655,1496,162,65,229,1040,73,334
656,1498,165,62,230,1041,73,334
657,1498,164,67,232,1035,70,335
658,1498,166,58,236,1038,70,334
659,1499,168,55,238,1038,69,336
660,1499,159,60,240,1040,70,335
661,1499,160,53,241,1045,70,333
662,1495,162,59,230,1044,69,333
663,1500,172,46,237,1045,69,333
664,1499,173,50,235,1041,69,333
665,1492,180,46,227,1039,69,331
666,1499,184,47,226,1042,68,333
667,1495,186,45,223,1041,67,333
668,1496,193,42,217,1044,66,332
669,1500,200,42,216,1042,67,333
670,1499,198,45,212,1044,67,333
671,1500,201,45,203,1051,68,333
672,1500,206,46,196,1052,68,333
673,1498,214,43,194,1047,68,331
674,1500,224,46,188,1042,68,331
675,1500,232,42,182,1044,68,331
676,1500,227,49,189,1035,68,331
677,1497,226,64,173,1034,69,330
678,1500,233,64,176,1027,71,330
679,1499,231,65,174,1029,72,328
680,1500,225,63,184,1028,72,329
681,1499,221,58,189,1031,72,329
682,1498,225,63,188,1022,72,328
683,1499,221,61,197,1020,73,329
684,1500,207,73,200,1020,73,331
685,1498,198,81,204,1015,72,329
686,1500,212,75,208,1005,72,329
687,1498,209,69,215,1005,72,330
688,1500,202,57,237,1004,72,329
689,1500,200,58,241,1001,73,327
690,1492,198,61,237,996,73,326
691,1498,206,60,246,986,72,328
692,1500,201,66,250,983,73,328
693,1498,200,59,258,981,73,329
694,1494,203,68,244,979,73,330
695,1500,204,65,248,983,73,333
696,1499,200,66,255,978,73,332
697,1498,215,56,251,976,74,329
698,1500,202,64,254,980,74,331
699,1500,207,66,260,967,74,332
700,1499,206,71,255,967,73,332
701,1495,201,73,250,971,73,330
702,1487,199,75,240,973,75,326
703,1488,201,71,243,973,75,326
704,1488,205,66,251,966,75,326
705,1494,207,62,253,972,75,329
706,1498,217,50,256,975,75,326
707,1496,213,52,253,978,74,325
708,1499,219,50,258,972,74,326
709,1490,209,59,246,976,75,326
710,1499,206,71,242,980,75,328
711,1498,207,68,243,980,76,326
712,1500,208,72,236,984,76,326
713,1496,216,57,239,984,76,326
714,1500,214,52,251,983,75,328
715,1497,209,52,251,985,75,326
716,1494,207,51,241,995,74,329
717,1496,210,54,231,1001,74,331
718,1496,212,52,232,1000,76,331
719,1495,215,55,228,997,76,333
720,1495,209,66,219,1001,75,330
721,1500,212,69,216,1003,76,334
722,1500,205,71,221,1003,76,335
723,1499,209,71,228,991,77,337
724,1500,206,71,232,991,77,338
725,1499,211,59,232,997,76,340
726,1498,207,51,245,995,76,339
727,1499,214,49,238,998,75,341
728,1500,214,61,228,997,76,340
729,1495,213,63,221,998,76,339
730,1500,208,69,227,996,76,340
731,1500,196,73,236,995,75,341
732,1499,203,69,234,993,76,343
733,1497,198,69,236,994,76,344
734,1499,186,71,249,993,75,344
735,1499,182,72,253,992,75,343
736,1500,189,68,249,994,76,341
737,1500,182,75,250,993,76,339
738,1498,196,60,257,985,76,338
739,1499,199,62,256,982,76,335
740,1498,206,68,245,979,77,335
741,1499,203,66,252,978,77,336
742,1500,204,70,253,973,78,334
743,1500,188,74,264,974,78,334
744,1499,186,71,267,975,78,332
745,1499,182,70,264,983,78,331
746,1500,187,66,263,984,77,333
747,1497,191,58,272,976,77,332
748,1497,189,63,265,980,77,334
749,1497,195,61,261,980,78,331
750,1500,195,64,260,981,78,332
751,1494,192,63,258,981,77,331
752,1498,196,56,255,991,78,331
753,1499,189,61,252,997,78,329
754,1499,188,59,252,1000,79,328
755,1500,198,55,250,997,78,324
756,1500,192,66,248,994,79,323
757,1498,190,64,247,997,79,322
758,1498,191,71,240,996,79,321
759,1499,190,67,245,997,80,321
760,1500,190,68,242,1000,80,322
761,1500,194,62,238,1006,80,324
762,1499,196,58,237,1008,78,325
763,1498,184,64,243,1007,78,326
764,1500,188,71,243,998,79,326
765,1498,187,70,242,999,79,326
766,1496,188,68,236,1004,79,325
767,1499,185,58,250,1006,80,324
768,1500,185,59,252,1004,80,326
769,1500,190,61,245,1004,80,325
770,1500,186,63,246,1005,80,326
771,1498,191,57,247,1003,81,325
772,1500,191,57,250,1002,80,327
773,1496,193,51,245,1007,80,324
774,1498,196,52,245,1005,80,323
775,1494,199,52,237,1006,81,320
776,1492,199,55,237,1001,82,320
777,1494,199,57,230,1008,83,318
778,1499,200,60,231,1008,83,319
779,1500,200,61,226,1013,83,319
780,1500,194,62,229,1015,83,318
781,1499,194,62,219,1024,82,315
782,1500,193,62,220,1025,82,317
783,1500,187,71,218,1024,83,319
784,1500,180,68,225,1027,82,318
785,1497,183,62,223,1029,81,319
786,1499,180,65,223,1031,82,319
787,1500,182,57,229,1032,83,319
788,1498,182,57,230,1029,83,320
789,1500,180,54,232,1034,84,320
790,1498,175,57,232,1034,83,320
791,1500,187,49,233,1031,83,319
792,1500,188,54,229,1029,84,319
793,1499,179,56,234,1030,83,318
794,1499,183,46,234,1036,83,319
795,1498,185,52,224,1037,84,318
796,1492,181,47,224,1040,84,315
797,1499,196,44,226,1033,84,315
798,1500,198,46,216,1040,84,313
799,1495,198,44,213,1040,83,313
800,1499,207,47,208,1037,85,311
801,1500,213,51,194,1042,85,312
802,1500,209,50,196,1045,85,312
803,1498,216,48,192,1042,85,313
804,1497,213,50,192,1042,85,313
805,1497,210,59,188,1040,85,311
806,1500,205,60,190,1045,84,313
807,1500,207,58,187,1048,84,314
808,1498,203,55,187,1053,83,314
809,1500,201,49,195,1055,83,315
810,1498,203,44,192,1059,82,313
811,1497,201,41,194,1061,81,312
812,1498,194,49,196,1059,81,311
813,1497,193,55,189,1060,82,310
814,1500,197,58,189,1056,83,309
815,1499,192,64,196,1047,83,310
816,1497,191,59,197,1050,85,310
817,1500,188,66,199,1047,87,311
818,1496,189,59,205,1043,87,310
819,1500,186,57,210,1047,88,310
820,1499,184,55,211,1049,88,310
821,1499,191,47,217,1044,89,313
822,1498,196,48,216,1038,90,310
823,1500,198,52,210,1040,90,310
824,1499,192,57,208,1042,90,312
825,1497,195,61,205,1036,89,313
826,1500,202,58,209,1031,89,312
827,1500,199,60,218,1023,88,312
828,1500,189,58,226,1027,89,313
829,1499,186,63,220,1030,89,315
830,1500,194,62,217,1027,89,315
831,1500,197,57,222,1024,89,316
832,1500,198,56,219,1027,90,316
833,1500,204,55,218,1023,91,318
834,1497,197,57,217,1026,92,318
835,1499,194,61,214,1030,94,319
836,1500,198,61,213,1028,94,318
837,1500,202,60,217,1021,94,318
838,1500,194,67,217,1022,93,321
839,1495,189,61,227,1018,93,319
840,1500,191,62,226,1021,93,320
841,1493,185,64,224,1020,93,318
842,1499,190,63,224,1022,94,317
843,1500,188,61,228,1023,95,316
844,1496,178,58,236,1024,94,317
845,1493,176,62,233,1022,94,317
846,1499,177,69,226,1027,94,316
847,1500,180,71,227,1022,95,315
848,1500,181,67,235,1017,96,314
849,1500,181,65,239,1015,94,315
850,1498,172,64,240,1022,93,315
851,1500,172,65,243,1020,94,314
852,1499,162,69,252,1016,95,314
853,1495,164,66,245,1020,95,314
854,1499,166,67,244,1022,96,315
855,1500,161,63,253,1023,96,316
856,1499,159,65,253,1022,96,317
857,1500,166,67,252,1015,96,320
858,1495,180,58,246,1011,98,318
859,1497,183,53,250,1011,99,317
860,1498,188,43,261,1006,99,317
861,1498,192,49,253,1004,98,318
862,1499,186,59,243,1011,100,317
863,1497,181,64,237,1015,101,317
864,1500,184,66,233,1017,103,316
865,1499,189,68,233,1009,103,318
866,1492,191,64,230,1007,102,315
867,1500,192,61,233,1014,103,312
868,1500,200,56,237,1007,103,312
869,1492,207,50,231,1004,101,306
870,1500,219,53,226,1002,101,307
871,1500,212,64,223,1001,100,308
872,1499,209,69,221,1000,100,308
873,1499,212,70,218,999,98,307
874,1498,213,68,213,1004,97,304
875,1500,208,63,229,1000,98,304
876,1500,210,54,237,999,97,303
877,1499,205,60,238,996,97,301
878,1497,199,66,240,992,96,302
879,1495,198,66,241,990,94,303
880,1493,206,67,234,986,89,303
881,1493,217,68,233,975,89,303
882,1498,226,59,239,974,90,305
883,1499,219,61,239,980,90,304
884,1499,195,85,235,984,89,303
885,1500,179,90,245,986,89,304
886,1499,184,87,246,982,89,306
887,1499,179,84,252,984,90,306
888,1499,177,66,269,987,91,306
889,1496,187,55,267,987,92,308
890,1494,189,57,258,990,90,309
891,1495,196,46,265,988,90,308
892,1498,192,53,266,987,90,308
893,1500,198,59,258,985,91,309
894,1498,192,60,261,985,91,308
895,1500,203,54,258,985,91,308
896,1496,192,55,255,994,91,307
897,1500,204,50,253,993,91,309
898,1498,192,65,252,989,91,309
899,1496,198,67,247,984,90,309
900,1500,196,71,250,983,90,312
901,1496,204,74,242,976,90,312
902,1489,200,74,229,986,90,314
903,1494,197,79,225,993,90,319
904,1496,201,66,239,990,89,318
905,1500,203,67,236,994,88,318
906,1498,195,72,240,991,87,316
907,1498,199,64,248,987,86,318
908,1498,200,63,248,987,85,319
909,1500,203,56,258,983,84,319
910,1500,190,69,253,988,85,318
911,1500,195,72,246,987,85,315
912,1500,192,66,257,985,83,315
913,1500,184,66,263,987,83,313
914,1500,183,64,268,985,83,313
915,1499,177,73,266,983,83,316
916,1497,177,70,263,987,83,315
917,1500,170,72,266,992,84,317
918,1499,168,73,260,998,84,317
919,1498,165,71,259,1003,84,317
920,1499,170,61,263,1005,84,318
921,1493,169,66,260,998,85,316
922,1489,163,65,263,998,85,315
923,1493,167,60,256,1010,86,316
924,1496,172,61,255,1008,85,319
925,1497,168,49,271,1009,85,320
926,1493,171,47,265,1010,85,317
927,1498,177,53,255,1013,85,317
928,1498,183,56,245,1014,86,315
929,1498,184,59,243,1012,86,315
930,1499,178,67,239,1015,85,316
931,1497,175,65,237,1020,83,316
932,1496,177,63,232,1024,83,317
933,1498,174,60,235,1029,84,320
934,1496,169,62,229,1036,85,320
935,1497,168,57,231,1041,85,322
936,1497,172,61,224,1040,85,323
937,1500,170,53,229,1048,85,326
938,1499,166,56,229,1048,85,325
939,1490,169,54,216,1051,85,324
940,1497,180,50,218,1049,85,325
941,1500,172,52,222,1054,84,326
942,1499,171,55,221,1052,84,329
943,1496,172,55,224,1045,85,330
944,1496,175,54,221,1046,87,328
945,1497,178,48,224,1047,86,327
946,1500,176,55,221,1048,86,327
947,1497,174,57,213,1053,86,324
948,1495,170,66,208,1051,85,321
949,1499,180,63,205,1051,84,319
950,1499,171,65,216,1047,84,319
951,1500,168,65,211,1056,85,317
952,1499,182,57,212,1048,87,317
953,1499,180,49,221,1049,86,318
954,1500,185,45,222,1048,87,317
955,1496,187,47,218,1044,87,315
956,1498,195,47,220,1036,87,314
957,1500,196,44,220,1040,87,316
958,1500,197,49,218,1036,87,315
959,1500,197,52,207,1044,87,317
960,1500,201,54,211,1034,87,314
961,1500,201,52,213,1034,87,314
962,1500,206,51,214,1029,89,314
963,1500,209,50,211,1030,89,313
964,1495,214,46,206,1029,90,312
965,1499,220,49,201,1029,90,315
966,1500,223,46,203,1028,90,318
967,1495,221,56,189,1029,90,316
968,1500,228,54,184,1034,91,319
969,1498,225,54,188,1031,91,319
970,1498,232,52,188,1026,91,317
971,1500,228,50,191,1031,91,317
972,1500,219,53,196,1032,91,318
973,1500,217,64,194,1025,91,320
974,1499,219,59,198,1023,91,322
975,1500,225,59,196,1020,91,323
976,1497,225,59,199,1014,92,322
977,1500,222,58,205,1015,92,323
978,1498,214,58,207,1019,92,324
979,1493,213,63,206,1011,92,323
980,1496,219,56,208,1013,92,321
981,1498,218,55,216,1009,94,322
982,1500,216,57,223,1004,94,321
983,1500,213,70,219,998,95,321
984,1499,216,64,222,997,94,318
985,1500,213,69,220,998,94,318
986,1498,206,63,231,998,94,318
987,1500,205,64,239,992,94,319
988,1500,197,74,232,997,93,319
989,1500,194,67,239,1000,92,320
990,1500,194,62,243,1001,92,321
991,1499,189,55,246,1009,92,321
992,1499,198,50,246,1005,93,318
993,1500,200,54,246,1000,92,319
994,1500,197,62,241,1000,92,318
995,1500,197,56,242,1005,92,318
996,1498,189,64,234,1011,91,318
997,1499,181,69,240,1009,90,318
998,1498,171,67,241,1019,90,317
999,1500,177,62,242,1019,91,317
1000,1499,177,60,235,1027,91,319
1001,1497,174,56,240,1027,93,318
1002,1500,175,57,240,1028,94,318
1003,1497,178,63,233,1023,94,321
1004,1497,180,62,229,1026,93,321
1005,1495,184,55,227,1029,93,322
1006,1494,186,56,224,1028,92,322
1007,1499,191,52,231,1025,94,322
1008,1499,191,55,229,1024,95,322
1009,1499,193,59,225,1022,93,323
1010,1499,187,65,228,1019,93,323
1011,1499,178,69,228,1024,93,324
1012,1500,182,68,226,1024,96,324
1013,1498,185,63,229,1021,97,319
1014,1499,180,63,229,1027,98,322
1015,1494,185,57,227,1025,98,320
1016,1500,194,54,234,1018,98,320
1017,1500,192,62,233,1013,97,322
1018,1500,189,61,234,1016,96,321
1019,1496,186,62,230,1018,96,322
1020,1500,186,63,234,1017,94,321
1021,1499,189,66,231,1013,93,320
1022,1500,198,66,233,1003,93,321
1023,1499,199,69,238,993,93,318
1024,1498,184,72,245,997,95,319
1025,1496,182,82,243,989,96,318
1026,1500,179,87,243,991,96,322
1027,1498,171,85,246,996,99,323
1028,1500,164,80,253,1003,99,323
1029,1497,162,71,259,1005,100,322
1030,1492,165,69,261,997,96,319
1031,1494,163,69,267,995,95,321
1032,1494,169,54,271,1000,96,322
1033,1500,174,54,272,1000,97,323
1034,1500,175,50,274,1001,96,324
1035,1497,171,58,270,998,97,324
1036,1499,174,65,266,994,96,326
1037,1498,170,74,260,994,97,324
1038,1496,178,72,262,984,97,322
1039,1499,180,72,269,978,97,321
1040,1500,184,70,267,979,97,320
1041,1496,185,62,266,983,98,322
1042,1489,184,56,262,987,98,323
1043,1492,195,62,253,982,97,323
1044,1499,193,71,245,990,97,325
1045,1496,181,76,245,994,97,324
1046,1494,181,81,236,996,97,322
1047,1499,189,74,248,988,97,319
1048,1498,192,69,249,988,97,319
1049,1495,181,69,258,987,97,318
1050,1500,178,77,265,980,97,320
1051,1500,178,75,270,977,97,321
1052,1499,178,65,273,983,95,321
1053,1495,185,63,269,978,93,318
1054,1500,194,60,274,972,91,319
1055,1496,197,57,270,972,90,315
1056,1498,197,63,263,975,91,318
1057,1500,196,69,262,973,92,321
1058,1500,185,73,267,975,91,320
1059,1500,187,74,265,974,91,323
1060,1498,176,76,275,971,89,320
1061,1498,179,78,263,978,88,319
1062,1496,178,70,265,983,88,321
1063,1497,169,74,263,991,87,320
1064,1500,172,69,268,991,88,319
1065,1497,163,75,270,989,88,321
1066,1498,171,73,259,995,87,318
1067,1500,173,68,263,996,87,316
1068,1499,161,67,269,1002,86,318
1069,1500,163,65,271,1001,87,316
1070,1500,164,68,267,1001,88,316
1071,1499,178,58,270,993,89,318
1072,1497,173,53,275,996,90,319
1073,1498,177,51,275,995,90,320
1074,1496,179,55,266,996,89,319
1075,1498,178,63,262,995,90,319
1076,1495,168,64,255,1008,90,317
1077,1499,171,71,248,1009,89,318
1078,1500,171,63,247,1019,89,320
1079,1499,168,67,247,1017,89,315
1080,1497,161,64,249,1023,89,312
1081,1499,160,66,245,1028,89,313
1082,1492,157,67,238,1030,90,311
1083,1493,158,57,241,1037,89,311
1084,1497,158,64,241,1034,90,311
1085,1500,162,60,243,1035,90,313
1086,1498,162,59,240,1037,90,310
1087,1499,168,63,236,1032,89,312
1088,1499,173,58,242,1026,89,313
1089,1499,171,56,244,1028,88,314
1090,1499,179,48,245,1027,87,313
1091,1500,179,46,250,1025,87,313
1092,1499,176,48,244,1031,87,313
1093,1500,168,60,233,1039,87,312
1094,1499,172,62,227,1038,88,311
1095,1496,170,60,226,1040,87,311
1096,1500,171,61,224,1044,87,315
1097,1496,176,48,223,1049,87,315
1098,1500,173,55,224,1048,88,315
1099,1494,165,53,220,1056,87,315
1100,1499,175,52,217,1055,87,318
1101,1499,166,59,216,1058,87,315
1102,1498,167,53,214,1064,86,314
1103,1499,167,52,213,1067,86,315
1104,1500,173,51,211,1065,86,320
1105,1500,178,46,209,1067,85,323
1106,1500,180,46,207,1067,85,324
1107,1500,174,49,211,1066,85,325
1108,1497,176,50,213,1058,84,323
1109,1500,185,49,210,1056,84,321
1110,1496,183,54,206,1053,83,320
1111,1499,196,59,195,1049,83,320
1112,1498,198,54,199,1047,83,320
1113,1499,199,45,201,1054,84,321
1114,1499,207,46,198,1048,84,319
1115,1500,207,49,200,1044,85,321
1116,1499,212,51,194,1042,86,322
1117,1500,202,61,193,1044,86,320
1118,1500,210,61,191,1038,88,320
1119,1497,208,57,194,1038,89,320
1120,1500,218,55,195,1032,89,320
1121,1498,210,52,204,1032,89,320
1122,1498,207,59,203,1029,89,322
1123,1500,197,67,205,1031,88,322
1124,1500,194,74,205,1027,88,320
1125,1500,192,76,211,1021,88,322
1126,1496,190,70,217,1019,89,321
1127,1494,189,57,225,1023,89,323
1128,1497,195,56,226,1020,88,325
1129,1500,197,53,231,1019,88,328
1130,1500,194,52,234,1020,87,327
1131,1499,196,56,235,1012,87,327
1132,1500,188,66,236,1010,86,328
1133,1499,189,63,232,1015,86,328
1134,1498,199,55,234,1010,86,331
1135,1498,196,59,228,1015,85,331
1136,1500,188,55,239,1018,86,330
1137,1500,188,60,234,1018,85,333
1138,1500,186,65,233,1016,84,332
1139,1500,188,62,240,1010,85,330
1140,1499,189,61,234,1015,86,331
1141,1497,202,56,221,1018,85,329
1142,1498,194,63,226,1015,84,330
1143,1500,190,61,227,1022,83,330
1144,1500,195,65,223,1017,80,329
1145,1497,185,67,227,1018,80,329
1146,1500,182,67,230,1021,80,331
1147,1498,179,64,235,1020,80,330
1148,1498,176,71,237,1014,79,331
1149,1500,182,67,238,1013,79,329
1150,1495,183,62,234,1016,78,331
1151,1498,185,54,244,1015,78,332
1152,1500,185,57,249,1009,78,332
1153,1496,183,62,240,1011,78,331
1154,1494,187,61,241,1005,78,328
1155,1499,185,68,240,1006,78,330
1156,1500,187,59,242,1012,79,329
1157,1494,184,63,239,1008,76,331
1158,1497,178,67,247,1005,78,332
1159,1499,170,74,246,1009,78,331
1160,1496,176,73,245,1002,79,330
1161,1500,180,72,245,1003,79,330
1162,1498,178,72,247,1001,80,331
1163,1498,179,63,257,999,80,328
1164,1498,191,62,251,994,80,327
1165,1498,185,66,246,1001,81,329
1166,1499,188,60,253,998,83,329
1167,1499,183,67,252,997,84,329
1168,1499,182,69,251,997,84,328
1169,1500,170,70,258,1002,83,330
1170,1494,161,71,252,1010,83,331
1171,1498,170,57,258,1013,83,329
1172,1500,176,59,257,1008,82,328
1173,1499,171,58,262,1008,82,325
1174,1500,164,70,257,1009,85,324
1175,1494,165,73,249,1007,86,323
1176,1494,169,63,253,1009,86,326
1177,1494,174,59,247,1014,84,329
1178,1499,184,53,250,1012,86,329
1179,1498,177,57,254,1010,85,329
1180,1496,169,71,240,1016,85,329
1181,1497,182,67,244,1004,86,327
1182,1497,173,77,245,1002,86,329
1183,1498,175,76,246,1001,86,330
1184,1500,175,75,248,1002,86,328
1185,1496,172,78,244,1002,84,325
1186,1499,179,70,251,999,84,326
1187,1499,176,73,250,1000,84,324
1188,1497,169,73,260,995,84,324
1189,1496,174,68,266,988,84,325
1190,1499,168,73,260,998,84,322
1191,1499,165,72,260,1002,85,321
1192,1500,157,75,266,1002,85,320
1193,1497,148,84,262,1003,84,316
1194,1500,136,86,275,1003,82,316
1195,1499,139,79,280,1001,82,316
1196,1499,142,79,284,994,82,314
1197,1497,133,76,293,995,82,314
1198,1498,137,76,294,991,81,313
1199,1497,138,75,293,991,81,314
1200,1496,143,69,288,996,80,311
1201,1499,143,64,294,998,80,315
1202,1498,148,60,291,999,80,311
1203,1499,150,62,293,994,81,310
1204,1498,149,63,288,998,81,310
1205,1496,153,64,284,995,81,308
1206,1499,157,60,284,998,81,312
1207,1499,153,61,284,1001,81,312
1208,1496,145,64,280,1007,82,312
1209,1494,142,68,272,1012,80,308
1210,1497,142,74,265,1016,80,310
1211,1500,152,62,258,1028,79,309
1212,1498,157,57,257,1027,78,310
1213,1499,166,52,258,1023,78,310
1214,1500,165,52,256,1027,77,310
1215,1497,167,55,242,1033,77,312
1216,1497,176,56,237,1028,76,314
1217,1495,179,59,233,1024,76,313
1218,1499,179,63,233,1024,77,312
1219,1498,178,66,232,1022,77,310
1220,1497,175,65,229,1028,78,313
1221,1497,173,64,229,1031,78,314
1222,1500,183,60,228,1029,79,314
1223,1500,190,51,233,1026,80,313
1224,1500,185,52,236,1027,80,313
1225,1500,187,54,228,1031,80,312
1226,1494,183,59,222,1030,80,312
1227,1495,179,61,218,1037,80,312
1228,1495,183,54,218,1040,81,315
1229,1498,185,56,220,1037,81,318
1230,1500,186,54,222,1038,81,318
1231,1498,185,53,226,1034,81,318
1232,1498,182,58,223,1035,82,318
1233,1497,186,58,223,1030,82,316
1234,1496,185,56,223,1032,80,314
1235,1499,186,57,223,1033,81,316
1236,1495,189,57,222,1027,81,316
1237,1500,195,60,213,1032,81,323
1238,1500,195,52,216,1037,81,325
1239,1499,190,54,217,1038,81,326
1240,1499,189,50,220,1040,81,326
1241,1500,184,50,221,1045,81,326
1242,1499,179,58,212,1050,81,325
1243,1496,180,55,216,1045,81,325
1244,1499,184,57,213,1045,82,324
1245,1499,179,51,213,1056,82,326
1246,1499,175,55,214,1055,82,326
1247,1499,177,53,217,1052,82,325
1248,1498,180,53,210,1055,82,325
1249,1499,182,53,207,1057,82,326
1250,1497,180,51,207,1059,82,327
1251,1500,174,56,213,1057,82,329
1252,1499,174,59,203,1063,81,328
1253,1497,184,54,203,1056,81,330
1254,1500,175,62,204,1059,81,330
1255,1500,173,59,210,1058,81,331
1256,1498,172,60,212,1054,81,331
1257,1497,177,58,210,1052,81,328
1258,1497,176,54,215,1052,81,329
1259,1497,175,48,215,1059,79,329
1260,1497,183,47,215,1052,79,329
1261,1500,184,53,211,1052,79,329
1262,1498,178,54,216,1050,79,328
1263,1499,180,59,212,1048,79,327
1264,1499,161,78,206,1054,78,329
1265,1500,161,69,214,1056,80,329
1266,1500,166,67,218,1049,80,328
1267,1499,165,62,222,1050,80,331
1268,1498,168,47,235,1048,80,329
1269,1491,163,53,228,1047,78,327
1270,1498,170,58,228,1042,77,327
1271,1500,173,58,224,1045,77,327
1272,1499,172,51,224,1052,77,328
1273,1499,180,50,222,1047,76,329
1274,1500,175,51,225,1049,75,329
1275,1500,170,55,224,1051,75,329
1276,1498,171,63,216,1048,75,327
1277,1500,176,54,224,1046,75,326
1278,1500,164,51,236,1049,75,326
1279,1500,172,55,223,1050,74,328
1280,1499,172,52,223,1052,75,328
1281,1498,171,58,218,1051,75,328
1282,1499,181,53,207,1058,74,329
1283,1500,183,59,203,1055,74,329
1284,1500,178,55,212,1055,75,329
1285,1499,184,55,214,1046,75,325
1286,1499,183,58,211,1047,75,323
1287,1497,182,53,214,1048,75,325
1288,1500,191,55,211,1043,76,326
1289,1500,192,56,212,1040,75,326
1290,1500,190,58,219,1033,75,325
1291,1499,191,57,218,1033,75,324
1292,1499,200,53,210,1036,75,323
1293,1499,197,55,212,1035,74,324
1294,1499,192,54,218,1035,75,324
1295,1500,194,53,215,1038,75,324
1296,1495,192,57,210,1036,76,322
1297,1499,201,54,217,1027,76,325
1298,1498,194,57,215,1032,77,324
1299,1500,198,59,212,1031,77,324
1300,1498,191,64,214,1029,76,325
1301,1500,194,61,210,1035,77,325
1302,1500,189,61,216,1034,77,325
1303,1500,191,60,218,1031,77,327
1304,1498,192,61,222,1023,77,327
1305,1500,194,64,217,1025,77,329
1306,1498,188,70,218,1022,77,329
1307,1500,194,60,229,1017,77,329
1308,1498,178,74,224,1022,77,330
1309,1500,177,65,230,1028,77,329
1310,1498,177,65,236,1020,77,329
1311,1500,178,67,237,1018,78,328
1312,1500,184,56,242,1018,78,327
1313,1498,172,65,244,1017,78,325
1314,1498,169,68,243,1018,78,325
1315,1496,168,60,248,1020,77,324
1316,1499,174,60,242,1023,77,323
1317,1499,172,56,251,1020,77,323
1318,1494,180,53,243,1018,77,325
1319,1496,182,56,244,1014,78,323
1320,1498,191,57,242,1008,78,324
1321,1497,197,51,239,1010,77,324
1322,1498,202,52,237,1007,76,326
1323,1496,202,50,235,1009,77,325
1324,1500,212,52,226,1010,79,325
1325,1500,209,49,228,1014,79,325
1326,1499,224,46,217,1012,79,323
1327,1500,225,48,218,1009,79,325
1328,1500,223,58,212,1007,78,324
1329,1494,222,64,205,1003,77,323
1330,1499,220,67,208,1004,75,323
1331,1500,238,64,202,996,75,324
1332,1500,235,69,205,991,75,324
1333,1498,221,73,213,991,75,324
1334,1500,220,73,217,990,74,325
1335,1499,226,72,213,988,74,326
1336,1499,218,73,219,989,75,327
1337,1500,216,64,230,990,76,326
1338,1500,208,69,236,987,76,326
1339,1500,206,67,236,991,76,326
1340,1499,209,64,242,984,76,325
1341,1499,198,76,243,982,75,323
1342,1500,200,70,256,974,75,322
1343,1498,192,71,260,975,75,321
1344,1497,187,76,261,973,75,320
1345,1500,187,72,267,974,75,320
1346,1499,183,75,266,975,75,319
1347,1498,182,71,271,974,74,319
1348,1500,186,70,270,974,74,321
1349,1499,179,70,270,980,74,319
1350,1490,171,67,275,977,75,319
1351,1486,166,66,269,985,76,315
1352,1486,161,72,269,984,76,314
1353,1494,166,75,265,988,75,313
1354,1496,165,72,270,989,74,314
1355,1499,162,69,276,992,76,314
1356,1498,161,62,275,1000,76,313
1357,1491,153,71,273,994,75,311
1358,1499,165,74,272,988,76,315
1359,1492,166,65,269,992,77,315
1360,1500,171,64,270,995,78,316
1361,1495,170,61,268,996,78,315
1362,1500,177,60,267,996,78,314
1363,1500,165,68,264,1003,79,314
1364,1499,157,71,257,1014,77,316
1365,1497,171,59,257,1010,77,315
1366,1496,167,51,263,1015,77,316
1367,1500,172,48,265,1015,77,317
1368,1493,167,49,255,1022,76,315
1369,1489,169,54,244,1022,76,313
1370,1492,173,58,235,1026,77,314
1371,1498,172,59,236,1031,77,316
1372,1496,184,55,235,1022,77,316
1373,1496,188,56,226,1026,77,316
1374,1499,189,57,231,1022,79,314
1375,1498,185,65,225,1023,79,314
1376,1499,186,63,222,1028,79,316
1377,1500,178,69,221,1032,78,316
1378,1497,177,63,224,1033,77,316
1379,1498,176,62,228,1032,78,316
1380,1497,180,59,222,1036,77,317
1381,1495,187,57,221,1030,77,316
1382,1498,186,58,222,1032,76,317
1383,1500,189,52,228,1031,76,317
1384,1499,178,60,231,1030,75,318
1385,1498,182,58,227,1031,75,320
1386,1500,179,61,229,1031,75,321
1387,1499,175,61,234,1029,74,324
1388,1494,173,55,232,1034,76,322
1389,1496,186,49,227,1034,73,324
1390,1500,190,40,233,1037,74,325
1391,1500,189,35,240,1036,74,325
1392,1497,195,39,227,1036,74,325
1393,1493,193,46,211,1043,74,325
1394,1497,199,50,204,1044,75,326
1395,1499,192,59,203,1045,75,326
1396,1500,192,67,198,1043,75,326
1397,1500,182,70,200,1048,76,326
1398,1500,178,70,202,1050,76,326
1399,1498,178,67,208,1045,77,327
1400,1500,176,63,212,1049,77,325
1401,1497,170,64,216,1047,77,325
1402,1498,181,63,212,1042,77,326
1403,1496,184,55,217,1040,76,329
1404,1499,195,45,217,1042,76,330
1405,1496,197,46,211,1042,76,329
1406,1500,204,41,220,1035,77,332
1407,1498,198,49,222,1029,78,330
1408,1500,198,55,221,1026,78,330
1409,1499,191,59,221,1028,78,328
1410,1500,178,62,229,1031,78,328
1411,1499,176,66,225,1032,78,327
1412,1499,176,70,220,1033,79,327
1413,1497,173,59,226,1039,78,326
1414,1500,176,59,223,1042,78,328
1415,1496,180,47,222,1047,78,323
1416,1495,182,47,222,1044,79,322
1417,1499,183,53,216,1047,79,324
1418,1499,186,56,214,1043,78,326
1419,1499,188,63,206,1042,78,326
1420,1498,189,58,207,1044,78,326
1421,1499,187,58,216,1038,79,329
1422,1500,186,54,225,1035,78,330
1423,1500,177,61,223,1039,78,331
1424,1497,175,52,222,1048,78,328
1425,1499,178,50,225,1046,78,328
1426,1500,178,48,230,1044,78,328
1427,1500,183,52,217,1048,80,327
1428,1500,191,56,209,1044,80,330
1429,1498,190,59,203,1046,81,327
1430,1498,192,56,206,1044,81,325
1431,1500,197,54,209,1040,81,324
1432,1499,201,48,209,1041,83,323
1433,1500,195,49,218,1038,83,321
1434,1498,191,54,213,1040,83,319
1435,1498,184,64,206,1044,83,319
1436,1497,183,65,206,1043,83,319
1437,1498,193,65,203,1037,86,317
1438,1497,189,59,212,1037,86,317
1439,1497,191,54,212,1040,86,318
